Class,count,mean,median,max,sum
Normal,284315,88.29102242231328,22.0,25691.16,25102462.04
Fraud,492,122.21132113821139,9.25,2125.87,60127.97
