threshold,false_positive_count,missed_fraud_count,captured_fraud_count,false_positive_cost,missed_fraud_amount,captured_fraud_amount,total_estimated_cost
0.05,6915,6,92,34575,137.71,10507.220000000001,34712.71
0.1,2070,7,91,10350,657.61,9987.32,11007.61
0.2,467,10,88,2335,1822.71,8822.22,4157.71
0.3,184,11,87,920,1826.5,8818.429999999998,2746.5
0.5,45,15,83,225,3828.2299999999996,6816.699999999999,4053.2299999999996
0.7,15,22,76,75,4421.44,6223.49,4496.44
0.9,12,32,66,60,5295.02,5349.91,5355.02
