model,precision,recall,f1,pr_auc,accuracy_reference,roc_auc_reference
Logistic Regression,0.06097560975609756,0.9183673469387755,0.11435832274459974,0.7159122424484009,0.9755275446789088,0.9721687370080279
