model,precision,recall,f1,pr_auc,accuracy_reference,roc_auc_reference
Logistic Regression,0.06097560975609756,0.9183673469387755,0.11435832274459974,0.7159122424484009,0.9755275446789088,0.9721687370080279
Random Forest,0.6484375,0.8469387755102041,0.7345132743362832,0.799998102786367,0.9989466661985184,0.9818797876494436
