model,precision,recall,f1,pr_auc,accuracy_reference,roc_auc_reference
Random Forest,0.6484375,0.8469387755102041,0.7345132743362832,0.799998102786367,0.9989466661985184,0.9818797876494436
