threshold,true_positives,false_positives,false_negatives,precision,recall,f1,review_workload
0.05,92,6915,6,0.013129727415441701,0.9387755102040817,0.0258972554539057,7007
0.1,91,2070,7,0.04211013419713096,0.9285714285714286,0.08056662239929172,2161
0.2,88,467,10,0.15855855855855855,0.8979591836734694,0.26952526799387444,555
0.3,87,184,11,0.3210332103321033,0.8877551020408163,0.4715447154471545,271
0.5,83,45,15,0.6484375,0.8469387755102041,0.7345132743362832,128
0.7,76,15,22,0.8351648351648352,0.7755102040816326,0.8042328042328042,91
0.9,66,12,32,0.8461538461538461,0.673469387755102,0.75,78
